1|admin|admin|admin@ecole.com|admin123|admin
3|ilyass|benradi|i.benradi@edu.umi.ac.ma|ilyass123|etudiant
4|amina|adadi|a.adadi@umi.ac.ma|amina123|enseignant
5|ibrahim|fedany|i.fedany@umi.ac.ma|ibrahim123|enseignant
6|youssef|ghanou|y.ghanou@umi.ac.ma|youssef123|enseignant
7|maria|benamar|m.benamar@umi.ac.ma|maria123|enseignant
8|Achraf|haibi|a.haibi@umi.ac.ma|Achraf123|enseignant
